"R","G","B","frameId","seconds","hexRGB"
110.58776,127.91128,129.4332,63,5,"#6E7F81"
90.108896,106.49156,107.56568,188,10,"#5A6A6B"
74.1052333333333,89.1238666666667,89.1649,265.5,15,"#4A5959"
