"R","G","B","frameId","seconds","hexRGB"
124.94592,97.265832,99.384344,63,5,"#7C6163"
125.6592,98.142936,100.563216,188,10,"#7D6264"
124.20208,95.7254,99.914456,313,15,"#7C5F63"
125.4456,85.048472,92.614184,438,20,"#7D555C"
124.33072,78.179376,86.703648,563,25,"#7C4E56"
126.34184,81.909192,89.91376,688,30,"#7E5159"
125.60495049505,87.9477821782178,95.2324455445545,801,35,"#7D575F"
